run_id	Step	root_mean_squared_log_error
AutoML_97150f7e-85c4-4265-966a-8c35bb3b2f48_HD_1	0	1.9656354160695237
AutoML_97150f7e-85c4-4265-966a-8c35bb3b2f48_HD_1	1	1.9537778910198647
AutoML_97150f7e-85c4-4265-966a-8c35bb3b2f48_HD_1	2	1.9497683438176607
AutoML_97150f7e-85c4-4265-966a-8c35bb3b2f48_HD_1	3	1.9505122178533352
AutoML_97150f7e-85c4-4265-966a-8c35bb3b2f48_HD_1	4	1.9493964374512012
AutoML_97150f7e-85c4-4265-966a-8c35bb3b2f48_HD_1	5	1.9521556222800238
AutoML_97150f7e-85c4-4265-966a-8c35bb3b2f48_HD_1	6	1.952284667529555
AutoML_97150f7e-85c4-4265-966a-8c35bb3b2f48_HD_1	7	1.950248740506007
AutoML_97150f7e-85c4-4265-966a-8c35bb3b2f48_HD_1	8	1.9504308450786432
AutoML_97150f7e-85c4-4265-966a-8c35bb3b2f48_HD_1	9	1.9525381749659154
AutoML_97150f7e-85c4-4265-966a-8c35bb3b2f48_HD_1	10	1.9521453552296653
AutoML_97150f7e-85c4-4265-966a-8c35bb3b2f48_HD_1	11	1.9519453730590222
AutoML_97150f7e-85c4-4265-966a-8c35bb3b2f48_HD_1	12	1.9534705491827844
AutoML_97150f7e-85c4-4265-966a-8c35bb3b2f48_HD_1	13	1.953729863174513
AutoML_97150f7e-85c4-4265-966a-8c35bb3b2f48_HD_1	14	1.9524540773159949
AutoML_97150f7e-85c4-4265-966a-8c35bb3b2f48_HD_1	15	1.95253917487875
AutoML_97150f7e-85c4-4265-966a-8c35bb3b2f48_HD_1	16	1.951460899626801
AutoML_97150f7e-85c4-4265-966a-8c35bb3b2f48_HD_1	17	1.95322742424143
AutoML_97150f7e-85c4-4265-966a-8c35bb3b2f48_HD_1	18	1.952000582191627
AutoML_97150f7e-85c4-4265-966a-8c35bb3b2f48_HD_1	19	1.9529402871994646
AutoML_97150f7e-85c4-4265-966a-8c35bb3b2f48_HD_1	20	1.9518055775094187
AutoML_97150f7e-85c4-4265-966a-8c35bb3b2f48_HD_1	21	1.9529024584602603
AutoML_97150f7e-85c4-4265-966a-8c35bb3b2f48_HD_1	22	1.9526344825911917
AutoML_97150f7e-85c4-4265-966a-8c35bb3b2f48_HD_1	23	1.9518122966640121
AutoML_97150f7e-85c4-4265-966a-8c35bb3b2f48_HD_1	24	1.9509592796109547
AutoML_97150f7e-85c4-4265-966a-8c35bb3b2f48_HD_1	25	1.9538417986648795
AutoML_97150f7e-85c4-4265-966a-8c35bb3b2f48_HD_1	26	1.9510828305323265
AutoML_97150f7e-85c4-4265-966a-8c35bb3b2f48_HD_1	27	1.9512129630424895
AutoML_97150f7e-85c4-4265-966a-8c35bb3b2f48_HD_1	28	1.9519770362449218
AutoML_97150f7e-85c4-4265-966a-8c35bb3b2f48_HD_1	29	1.950800749421731
AutoML_97150f7e-85c4-4265-966a-8c35bb3b2f48_HD_1	30	1.9506627423159872
AutoML_97150f7e-85c4-4265-966a-8c35bb3b2f48_HD_1	31	1.9507779994215515
AutoML_97150f7e-85c4-4265-966a-8c35bb3b2f48_HD_1	32	1.948620685222584
AutoML_97150f7e-85c4-4265-966a-8c35bb3b2f48_HD_1	33	1.951412199253086
AutoML_97150f7e-85c4-4265-966a-8c35bb3b2f48_HD_1	34	1.9522355243275924
AutoML_97150f7e-85c4-4265-966a-8c35bb3b2f48_HD_1	35	1.9518133897682428
AutoML_97150f7e-85c4-4265-966a-8c35bb3b2f48_HD_1	36	1.9515083259588415
AutoML_97150f7e-85c4-4265-966a-8c35bb3b2f48_HD_1	37	1.9512466298710947
AutoML_97150f7e-85c4-4265-966a-8c35bb3b2f48_HD_1	38	1.9507948282127123
AutoML_97150f7e-85c4-4265-966a-8c35bb3b2f48_HD_1	39	1.950199255830647
AutoML_97150f7e-85c4-4265-966a-8c35bb3b2f48_HD_1	40	1.9493274091701558
AutoML_97150f7e-85c4-4265-966a-8c35bb3b2f48_HD_1	41	1.9524840277001403
AutoML_97150f7e-85c4-4265-966a-8c35bb3b2f48_HD_1	42	1.9518689258790378
AutoML_97150f7e-85c4-4265-966a-8c35bb3b2f48_HD_1	43	1.952878590309459