run_id	Step	spearman_correlation
AutoML_b6d0762b-afc7-45ac-86d3-b3627e86c47f_HD_0	0	0.6836085911229246
AutoML_b6d0762b-afc7-45ac-86d3-b3627e86c47f_HD_0	1	0.866798596745695
AutoML_b6d0762b-afc7-45ac-86d3-b3627e86c47f_HD_0	2	0.9133217137425671
AutoML_b6d0762b-afc7-45ac-86d3-b3627e86c47f_HD_0	3	0.9300020805991854
AutoML_b6d0762b-afc7-45ac-86d3-b3627e86c47f_HD_0	4	0.9031806285831957
AutoML_b6d0762b-afc7-45ac-86d3-b3627e86c47f_HD_0	5	0.9621962179371888
AutoML_b6d0762b-afc7-45ac-86d3-b3627e86c47f_HD_0	6	0.9718549037346792
AutoML_b6d0762b-afc7-45ac-86d3-b3627e86c47f_HD_0	7	0.9679291203688122
AutoML_b6d0762b-afc7-45ac-86d3-b3627e86c47f_HD_0	8	0.9798660831187108
AutoML_b6d0762b-afc7-45ac-86d3-b3627e86c47f_HD_0	9	0.9909403906156763
AutoML_b6d0762b-afc7-45ac-86d3-b3627e86c47f_HD_0	10	0.9901234771011509
AutoML_b6d0762b-afc7-45ac-86d3-b3627e86c47f_HD_0	11	0.9712515595809539
AutoML_b6d0762b-afc7-45ac-86d3-b3627e86c47f_HD_0	12	0.995813962725402
AutoML_b6d0762b-afc7-45ac-86d3-b3627e86c47f_HD_0	13	0.9526499123883884
AutoML_b6d0762b-afc7-45ac-86d3-b3627e86c47f_HD_0	14	0.970977391994254
AutoML_b6d0762b-afc7-45ac-86d3-b3627e86c47f_HD_0	15	0.9830804383179007
AutoML_b6d0762b-afc7-45ac-86d3-b3627e86c47f_HD_0	16	0.9773071097665827
AutoML_b6d0762b-afc7-45ac-86d3-b3627e86c47f_HD_0	17	0.977540917510131
AutoML_b6d0762b-afc7-45ac-86d3-b3627e86c47f_HD_0	18	0.9004463329440859
AutoML_b6d0762b-afc7-45ac-86d3-b3627e86c47f_HD_0	19	0.9684234700484439
AutoML_b6d0762b-afc7-45ac-86d3-b3627e86c47f_HD_0	20	0.9793411544980014
AutoML_b6d0762b-afc7-45ac-86d3-b3627e86c47f_HD_0	21	0.9904399664632294
AutoML_b6d0762b-afc7-45ac-86d3-b3627e86c47f_HD_0	22	0.974536523683416
AutoML_b6d0762b-afc7-45ac-86d3-b3627e86c47f_HD_0	23	0.993242696792778
AutoML_b6d0762b-afc7-45ac-86d3-b3627e86c47f_HD_0	24	0.910798361056616
AutoML_b6d0762b-afc7-45ac-86d3-b3627e86c47f_HD_0	25	0.9723867740008183
AutoML_b6d0762b-afc7-45ac-86d3-b3627e86c47f_HD_0	26	0.9443176769195201
AutoML_b6d0762b-afc7-45ac-86d3-b3627e86c47f_HD_0	27	0.895316130365957
AutoML_b6d0762b-afc7-45ac-86d3-b3627e86c47f_HD_0	28	0.9864837255782788
AutoML_b6d0762b-afc7-45ac-86d3-b3627e86c47f_HD_0	29	0.9813480454657713
AutoML_b6d0762b-afc7-45ac-86d3-b3627e86c47f_HD_0	30	0.9540757537888691
AutoML_b6d0762b-afc7-45ac-86d3-b3627e86c47f_HD_0	31	0.9794062356726906
AutoML_b6d0762b-afc7-45ac-86d3-b3627e86c47f_HD_0	32	0.9752633010348308
AutoML_b6d0762b-afc7-45ac-86d3-b3627e86c47f_HD_0	33	0.9338111995414027
AutoML_b6d0762b-afc7-45ac-86d3-b3627e86c47f_HD_0	34	0.9916221251199655
AutoML_b6d0762b-afc7-45ac-86d3-b3627e86c47f_HD_0	35	0.9620333507013965
AutoML_b6d0762b-afc7-45ac-86d3-b3627e86c47f_HD_0	36	0.9277604862327173
AutoML_b6d0762b-afc7-45ac-86d3-b3627e86c47f_HD_0	37	0.9806776092610837
AutoML_b6d0762b-afc7-45ac-86d3-b3627e86c47f_HD_0	38	0.9514939326469509
AutoML_b6d0762b-afc7-45ac-86d3-b3627e86c47f_HD_0	39	0.9146580709442429
AutoML_b6d0762b-afc7-45ac-86d3-b3627e86c47f_HD_0	40	0.9431360718891744
AutoML_b6d0762b-afc7-45ac-86d3-b3627e86c47f_HD_0	41	0.9735606919103121
AutoML_b6d0762b-afc7-45ac-86d3-b3627e86c47f_HD_0	42	0.911614675336535
AutoML_b6d0762b-afc7-45ac-86d3-b3627e86c47f_HD_0	43	0.9675250276528251
AutoML_b6d0762b-afc7-45ac-86d3-b3627e86c47f_HD_0	44	0.9721083165262809
AutoML_b6d0762b-afc7-45ac-86d3-b3627e86c47f_HD_0	45	0.9819447793779533
AutoML_b6d0762b-afc7-45ac-86d3-b3627e86c47f_HD_0	46	0.958533008688738
AutoML_b6d0762b-afc7-45ac-86d3-b3627e86c47f_HD_0	47	0.9798699755216571
AutoML_b6d0762b-afc7-45ac-86d3-b3627e86c47f_HD_0	48	0.8966632687857018
AutoML_b6d0762b-afc7-45ac-86d3-b3627e86c47f_HD_0	49	0.983766128015303
AutoML_b6d0762b-afc7-45ac-86d3-b3627e86c47f_HD_0	50	0.9843320225936765
AutoML_b6d0762b-afc7-45ac-86d3-b3627e86c47f_HD_0	51	0.991708077410659
AutoML_b6d0762b-afc7-45ac-86d3-b3627e86c47f_HD_0	52	0.9963634164361098
AutoML_b6d0762b-afc7-45ac-86d3-b3627e86c47f_HD_0	53	0.9970642839412944
AutoML_b6d0762b-afc7-45ac-86d3-b3627e86c47f_HD_0	54	0.9984698906735167
AutoML_b6d0762b-afc7-45ac-86d3-b3627e86c47f_HD_0	55	0.9978512776642526
AutoML_b6d0762b-afc7-45ac-86d3-b3627e86c47f_HD_0	56	0.998626645260573
AutoML_b6d0762b-afc7-45ac-86d3-b3627e86c47f_HD_0	57	0.9953965481542013
AutoML_b6d0762b-afc7-45ac-86d3-b3627e86c47f_HD_0	58	0.9986573043926736
AutoML_b6d0762b-afc7-45ac-86d3-b3627e86c47f_HD_0	59	0.9970176509227257
AutoML_b6d0762b-afc7-45ac-86d3-b3627e86c47f_HD_0	60	0.9917658307626447
AutoML_b6d0762b-afc7-45ac-86d3-b3627e86c47f_HD_0	61	0.994265442883034
AutoML_b6d0762b-afc7-45ac-86d3-b3627e86c47f_HD_0	62	0.9964941389447706
AutoML_b6d0762b-afc7-45ac-86d3-b3627e86c47f_HD_0	63	0.9970705146959672
AutoML_b6d0762b-afc7-45ac-86d3-b3627e86c47f_HD_0	64	0.9940497055738726
AutoML_b6d0762b-afc7-45ac-86d3-b3627e86c47f_HD_0	65	0.9994082338144686
AutoML_b6d0762b-afc7-45ac-86d3-b3627e86c47f_HD_0	66	0.9987224407732643
AutoML_b6d0762b-afc7-45ac-86d3-b3627e86c47f_HD_0	67	0.9992201120363203
AutoML_b6d0762b-afc7-45ac-86d3-b3627e86c47f_HD_0	68	0.9992960985012285
AutoML_b6d0762b-afc7-45ac-86d3-b3627e86c47f_HD_0	69	0.999352166098336
AutoML_b6d0762b-afc7-45ac-86d3-b3627e86c47f_HD_0	70	0.9984259166230641
AutoML_b6d0762b-afc7-45ac-86d3-b3627e86c47f_HD_0	71	0.9993206649451473
AutoML_b6d0762b-afc7-45ac-86d3-b3627e86c47f_HD_0	72	0.9993443189531026
AutoML_b6d0762b-afc7-45ac-86d3-b3627e86c47f_HD_0	73	0.9980984049506905